,RegionID,Parameters,MSE,AIC,Output
0,91670,"(4, 2, 1)",299443.08040302683,1535.2945684923106,<statsmodels.tsa.statespace.sarimax.SARIMAXResultsWrapper object at 0x1c276d8cc0>
1,95997,"(6, 0, 2)",2165542.401471326,1725.4389325885393,<statsmodels.tsa.statespace.sarimax.SARIMAXResultsWrapper object at 0x1c2355ceb8>
2,95999,"(4, 1, 2)",1403272.2149970152,1689.6880946683568,<statsmodels.tsa.statespace.sarimax.SARIMAXResultsWrapper object at 0x1c2358c668>
3,62043,"(4, 0, 2)",22780956.202347502,1963.4052344904208,<statsmodels.tsa.statespace.sarimax.SARIMAXResultsWrapper object at 0x1c2a32e860>
4,91669,"(10, 2, 0)",522144.5170494455,1503.4319641211418,<statsmodels.tsa.statespace.sarimax.SARIMAXResultsWrapper object at 0x1c26ca00b8>
5,96024,"(8, 2, 2)",757739.4365094826,1559.6577042509332,<statsmodels.tsa.statespace.sarimax.SARIMAXResultsWrapper object at 0x1c26cb9e80>
6,96015,"(1, 0, 2)",13702693.47747144,1963.5751805074517,<statsmodels.tsa.statespace.sarimax.SARIMAXResultsWrapper object at 0x1c23f7d2b0>
7,96043,"(4, 1, 2)",1121404.6729270953,1668.343634334851,<statsmodels.tsa.statespace.sarimax.SARIMAXResultsWrapper object at 0x1c2a32e6a0>
8,91736,"(0, 2, 1)",173800.85129057328,1475.8167202160464,<statsmodels.tsa.statespace.sarimax.SARIMAXResultsWrapper object at 0x1c26cb9518>
9,62022,"(2, 0, 2)",108923797.07550323,2163.7903771044093,<statsmodels.tsa.statespace.sarimax.SARIMAXResultsWrapper object at 0x1c235b3390>
10,62005,"(10, 0, 0)",24023736.748135693,1841.9677337786404,<statsmodels.tsa.statespace.sarimax.SARIMAXResultsWrapper object at 0x1c27abb0b8>
11,62009,"(6, 0, 0)",16814842.08407193,1878.1709801742495,<statsmodels.tsa.statespace.sarimax.SARIMAXResultsWrapper object at 0x1c27821b00>
12,62027,"(1, 0, 2)",68017411.07892536,2072.7134512249027,<statsmodels.tsa.statespace.sarimax.SARIMAXResultsWrapper object at 0x1c26d12e10>
13,91697,"(4, 0, 2)",440156.0101866022,1553.0933179798217,<statsmodels.tsa.statespace.sarimax.SARIMAXResultsWrapper object at 0x1c29f36780>
14,96012,"(1, 0, 2)",1995713.112442456,1741.040859245394,<statsmodels.tsa.statespace.sarimax.SARIMAXResultsWrapper object at 0x1c29f36160>
15,96013,"(10, 0, 0)",1036348.896666437,1556.280698765128,<statsmodels.tsa.statespace.sarimax.SARIMAXResultsWrapper object at 0x1c232780b8>
16,61803,"(4, 2, 1)",5740805.579700483,1939.1497037013285,<statsmodels.tsa.statespace.sarimax.SARIMAXResultsWrapper object at 0x1c2a05e160>
17,95992,"(6, 1, 2)",786200.9556930984,1590.9162636937472,<statsmodels.tsa.statespace.sarimax.SARIMAXResultsWrapper object at 0x1c25db5cf8>
18,96014,"(1, 0, 2)",1162352.2488184373,1743.903408980566,<statsmodels.tsa.statespace.sarimax.SARIMAXResultsWrapper object at 0x1c26d9df28>
19,91699,"(4, 1, 2)",428402.86641562043,1563.6557488797703,<statsmodels.tsa.statespace.sarimax.SARIMAXResultsWrapper object at 0x1c29b976d8>
20,91665,"(4, 2, 1)",320561.78089478397,1511.7419490178327,<statsmodels.tsa.statespace.sarimax.SARIMAXResultsWrapper object at 0x1c276f3780>
21,95989,"(8, 2, 1)",1765647.918040467,1652.9033396114014,<statsmodels.tsa.statespace.sarimax.SARIMAXResultsWrapper object at 0x1c27abbcf8>
22,95987,"(1, 0, 2)",6583267.459937811,1873.742282811069,<statsmodels.tsa.statespace.sarimax.SARIMAXResultsWrapper object at 0x1c235a5240>
23,96025,"(8, 0, 2)",528972.418750677,1530.0720745318513,<statsmodels.tsa.statespace.sarimax.SARIMAXResultsWrapper object at 0x1c25dc9ef0>
24,62023,"(6, 1, 2)",1164326.8644677545,1648.2043304228578,<statsmodels.tsa.statespace.sarimax.SARIMAXResultsWrapper object at 0x1c26f38ac8>
25,91694,"(2, 2, 0)",142627.18276222388,1476.8392821091197,<statsmodels.tsa.statespace.sarimax.SARIMAXResultsWrapper object at 0x1c26d12438>
26,96026,"(4, 2, 1)",5189069.874704388,1788.230772899515,<statsmodels.tsa.statespace.sarimax.SARIMAXResultsWrapper object at 0x1c260734a8>
27,96028,"(8, 0, 1)",502843.9283595794,1578.2606871333292,<statsmodels.tsa.statespace.sarimax.SARIMAXResultsWrapper object at 0x1c29b976a0>
28,96047,"(1, 0, 2)",14035211.860247105,1956.5196547098572,<statsmodels.tsa.statespace.sarimax.SARIMAXResultsWrapper object at 0x1c276ee080>
29,96018,"(10, 0, 0)",946247.7028242402,1573.143644026714,<statsmodels.tsa.statespace.sarimax.SARIMAXResultsWrapper object at 0x1c29b698d0>
30,95983,"(8, 0, 0)",396982.1364533434,1509.4349644308961,<statsmodels.tsa.statespace.sarimax.SARIMAXResultsWrapper object at 0x1c2a573358>
31,91721,"(8, 0, 2)",313822.1287017511,1448.3845081130098,<statsmodels.tsa.statespace.sarimax.SARIMAXResultsWrapper object at 0x1c2a3f9208>
32,96042,"(8, 2, 2)",528662.7253505451,1515.8619938845566,<statsmodels.tsa.statespace.sarimax.SARIMAXResultsWrapper object at 0x1c2a7fb0b8>
33,91700,"(10, 0, 1)",365398.2723513558,1500.0490353116343,<statsmodels.tsa.statespace.sarimax.SARIMAXResultsWrapper object at 0x1c237c6e10>
34,62040,"(8, 0, 2)",13691373.567446792,1859.7913881983416,<statsmodels.tsa.statespace.sarimax.SARIMAXResultsWrapper object at 0x1c26f38dd8>
35,91741,"(10, 0, 2)",241280.7359465721,1458.7069069188726,<statsmodels.tsa.statespace.sarimax.SARIMAXResultsWrapper object at 0x1c2a558208>
36,61799,"(1, 1, 2)",7460802.775085369,1864.4050320147273,<statsmodels.tsa.statespace.sarimax.SARIMAXResultsWrapper object at 0x1c23282080>
37,95984,"(10, 0, 2)",293488.1503133313,1486.6464767629159,<statsmodels.tsa.statespace.sarimax.SARIMAXResultsWrapper object at 0x1c2a929dd8>
38,62037,"(10, 0, 0)",37978096.882292196,1889.3627571395216,<statsmodels.tsa.statespace.sarimax.SARIMAXResultsWrapper object at 0x1c237e0278>
39,96040,"(6, 0, 0)",240454.8746642218,1513.360832533737,<statsmodels.tsa.statespace.sarimax.SARIMAXResultsWrapper object at 0x1c2a929978>
40,62048,"(2, 0, 2)",115952828.81997666,2177.6955257866393,<statsmodels.tsa.statespace.sarimax.SARIMAXResultsWrapper object at 0x1c2a5a6d30>
41,62104,"(4, 2, 1)",2078122.426844424,1736.4190811047029,<statsmodels.tsa.statespace.sarimax.SARIMAXResultsWrapper object at 0x1c23291240>
42,91723,"(1, 0, 2)",307070.018826934,1566.4597239463274,<statsmodels.tsa.statespace.sarimax.SARIMAXResultsWrapper object at 0x1c2a9297f0>
43,96000,"(8, 2, 2)",5199217.9593934845,1740.040865720262,<statsmodels.tsa.statespace.sarimax.SARIMAXResultsWrapper object at 0x1c26316080>
44,62033,"(1, 0, 2)",111673170.06689331,2132.8456283027513,<statsmodels.tsa.statespace.sarimax.SARIMAXResultsWrapper object at 0x1c2785d5f8>
45,61781,"(8, 2, 1)",774048.3966874087,1552.3126936446881,<statsmodels.tsa.statespace.sarimax.SARIMAXResultsWrapper object at 0x1c26d12128>
46,61811,"(2, 2, 1)",22314368.588348452,2023.5163894305801,<statsmodels.tsa.statespace.sarimax.SARIMAXResultsWrapper object at 0x1c2a05ed30>
47,91681,"(6, 2, 1)",246777.92902266345,1442.1013055770381,<statsmodels.tsa.statespace.sarimax.SARIMAXResultsWrapper object at 0x1c2a599ef0>
48,61796,"(10, 0, 2)",2135737.9594897884,736.3570858819917,<statsmodels.tsa.statespace.sarimax.SARIMAXResultsWrapper object at 0x1c2a324898>
49,61780,"(6, 2, 0)",802381.12295832,1589.3986409912575,<statsmodels.tsa.statespace.sarimax.SARIMAXResultsWrapper object at 0x1c2ad08b38>
50,62080,"(10, 0, 0)",2315512.755029234,1688.7334160556002,<statsmodels.tsa.statespace.sarimax.SARIMAXResultsWrapper object at 0x1c2af0b208>
51,95988,"(10, 0, 0)",3292870.6170696956,1657.2927295756037,<statsmodels.tsa.statespace.sarimax.SARIMAXResultsWrapper object at 0x1c2b99bdd8>
52,91662,"(6, 2, 2)",133446.99237715817,1401.093215895127,<statsmodels.tsa.statespace.sarimax.SARIMAXResultsWrapper object at 0x1c23286588>
53,91664,"(6, 2, 1)",72903.22373127457,1352.235247710992,<statsmodels.tsa.statespace.sarimax.SARIMAXResultsWrapper object at 0x1c27821048>
54,91740,"(8, 2, 1)",116552.62799712396,1440.0179419406993,<statsmodels.tsa.statespace.sarimax.SARIMAXResultsWrapper object at 0x1c27abb860>
55,96019,"(10, 0, 0)",13512987.840099446,1838.908583394802,<statsmodels.tsa.statespace.sarimax.SARIMAXResultsWrapper object at 0x1c2b9bd358>
56,91702,"(0, 2, 1)",147780.6491852183,1568.5617583662458,<statsmodels.tsa.statespace.sarimax.SARIMAXResultsWrapper object at 0x1c2a3f9eb8>
57,62006,"(10, 0, 2)",11658666.254599601,1808.1534578333767,<statsmodels.tsa.statespace.sarimax.SARIMAXResultsWrapper object at 0x1c2ad089e8>
58,96004,"(6, 1, 2)",582481.7205244784,1641.997940819073,<statsmodels.tsa.statespace.sarimax.SARIMAXResultsWrapper object at 0x1c2a5a6b38>
59,62101,"(1, 0, 2)",19371574.305460077,1973.7949186731316,<statsmodels.tsa.statespace.sarimax.SARIMAXResultsWrapper object at 0x1c2b99b2e8>
60,61779,"(8, 2, 1)",680256.9352493103,1577.8167480844306,<statsmodels.tsa.statespace.sarimax.SARIMAXResultsWrapper object at 0x1c2693fc50>
61,91727,"(2, 0, 2)",261399.12002392308,1538.6745463801171,<statsmodels.tsa.statespace.sarimax.SARIMAXResultsWrapper object at 0x1c2b996940>
62,91666,"(6, 1, 2)",196685.48129748326,1420.9372590886408,<statsmodels.tsa.statespace.sarimax.SARIMAXResultsWrapper object at 0x1c2a5a69b0>
63,62068,"(8, 0, 1)",2702927.544940171,1755.1221495479613,<statsmodels.tsa.statespace.sarimax.SARIMAXResultsWrapper object at 0x1c29d47358>
64,62081,"(10, 2, 2)",2214418.4454117836,1646.7660160414969,<statsmodels.tsa.statespace.sarimax.SARIMAXResultsWrapper object at 0x1c2b99b400>
65,62182,"(8, 2, 0)",6629337.231471099,1857.0111554112948,<statsmodels.tsa.statespace.sarimax.SARIMAXResultsWrapper object at 0x1c2a5ae550>
66,62032,"(1, 0, 2)",19267070.965739913,1966.8533921864619,<statsmodels.tsa.statespace.sarimax.SARIMAXResultsWrapper object at 0x1c2bdce908>
67,62039,"(1, 0, 2)",2015811.5208094188,1775.1977677423852,<statsmodels.tsa.statespace.sarimax.SARIMAXResultsWrapper object at 0x1c237e0ba8>
68,91709,"(6, 1, 1)",162173.81201330665,1437.8549439314172,<statsmodels.tsa.statespace.sarimax.SARIMAXResultsWrapper object at 0x1c2b9bdf98>
69,62119,"(6, 0, 2)",2468387.2882680935,1740.0828466284586,<statsmodels.tsa.statespace.sarimax.SARIMAXResultsWrapper object at 0x1c26d9d128>
70,96282,"(1, 0, 2)",1173066.2908633687,1821.3630605612318,<statsmodels.tsa.statespace.sarimax.SARIMAXResultsWrapper object at 0x1c27839710>
71,91735,"(8, 0, 2)",92469.07356517114,1362.598288224616,<statsmodels.tsa.statespace.sarimax.SARIMAXResultsWrapper object at 0x1c2693fcc0>
72,96411,"(2, 2, 2)",439294.3589292436,1618.7680128033192,<statsmodels.tsa.statespace.sarimax.SARIMAXResultsWrapper object at 0x1c2c2a9ac8>
73,91683,"(10, 2, 2)",70260.4708839588,1320.4887135796707,<statsmodels.tsa.statespace.sarimax.SARIMAXResultsWrapper object at 0x1c2b618ba8>
74,96446,"(1, 0, 2)",3098232.9853513446,1873.0916453617415,<statsmodels.tsa.statespace.sarimax.SARIMAXResultsWrapper object at 0x1c2c2076a0>
75,91729,"(1, 0, 2)",364864.6188338211,1569.7695137895169,<statsmodels.tsa.statespace.sarimax.SARIMAXResultsWrapper object at 0x1c26316dd8>
76,96027,"(1, 0, 2)",23115807.53377449,2079.1320717008275,<statsmodels.tsa.statespace.sarimax.SARIMAXResultsWrapper object at 0x1c2b60a748>
77,91678,"(2, 1, 2)",382067.7014947231,1569.0229687184826,<statsmodels.tsa.statespace.sarimax.SARIMAXResultsWrapper object at 0x1c2a5ae828>
78,62034,"(1, 0, 2)",9878562.034243923,1913.6578797975253,<statsmodels.tsa.statespace.sarimax.SARIMAXResultsWrapper object at 0x1c232b9828>
79,95996,"(6, 0, 0)",2849467.5910621854,1720.2314668721963,<statsmodels.tsa.statespace.sarimax.SARIMAXResultsWrapper object at 0x1c23735630>
80,62079,"(10, 0, 1)",1521554.3030915402,1654.470232478076,<statsmodels.tsa.statespace.sarimax.SARIMAXResultsWrapper object at 0x10eed24a8>
81,62019,"(2, 2, 2)",4700039.175371646,1806.9125562099355,<statsmodels.tsa.statespace.sarimax.SARIMAXResultsWrapper object at 0x1c2a5a6be0>
82,96046,"(1, 0, 2)",1760129.9297841373,1818.9112034822479,<statsmodels.tsa.statespace.sarimax.SARIMAXResultsWrapper object at 0x1c2c49f390>
83,62093,"(2, 0, 2)",2124329.1454858934,1778.4860173486459,<statsmodels.tsa.statespace.sarimax.SARIMAXResultsWrapper object at 0x1c2a5ae400>
84,62180,"(10, 0, 1)",2779602.746482686,1758.5953804951487,<statsmodels.tsa.statespace.sarimax.SARIMAXResultsWrapper object at 0x1c2c4fd550>
85,62008,"(1, 0, 2)",12200796.817429375,1916.9889347953892,<statsmodels.tsa.statespace.sarimax.SARIMAXResultsWrapper object at 0x1c2c207ac8>
86,91685,"(1, 0, 2)",425904.9686397531,1564.5195802222413,<statsmodels.tsa.statespace.sarimax.SARIMAXResultsWrapper object at 0x1c2b60ac50>
87,62107,"(6, 2, 2)",620897.3304240002,1615.4258425886828,<statsmodels.tsa.statespace.sarimax.SARIMAXResultsWrapper object at 0x1c2afb05c0>
88,95993,"(6, 1, 2)",4698890.291762301,1747.1281225550927,<statsmodels.tsa.statespace.sarimax.SARIMAXResultsWrapper object at 0x1c26d3d0f0>
89,96375,"(6, 0, 1)",407448.28632466827,1621.9059526919784,<statsmodels.tsa.statespace.sarimax.SARIMAXResultsWrapper object at 0x1c2c777668>
90,91742,"(8, 0, 2)",164919.604337917,1459.2883090275052,<statsmodels.tsa.statespace.sarimax.SARIMAXResultsWrapper object at 0x10eef6588>
91,96451,"(1, 0, 2)",1372416.7975079396,1735.5459554704019,<statsmodels.tsa.statespace.sarimax.SARIMAXResultsWrapper object at 0x1c2a929f98>
92,96038,"(1, 0, 2)",11880231.562599063,1911.001859596494,<statsmodels.tsa.statespace.sarimax.SARIMAXResultsWrapper object at 0x1c25da3240>
93,62035,"(8, 0, 2)",1866211.6709507245,1804.4202070664958,<statsmodels.tsa.statespace.sarimax.SARIMAXResultsWrapper object at 0x1c2c777160>
94,96007,"(1, 0, 2)",3185626.7250531693,1868.2583891778024,<statsmodels.tsa.statespace.sarimax.SARIMAXResultsWrapper object at 0x1c2b9bd198>
95,62066,"(8, 2, 1)",2373942.929587469,1721.3001611572276,<statsmodels.tsa.statespace.sarimax.SARIMAXResultsWrapper object at 0x1c2b60a358>
96,96450,"(1, 0, 2)",650711.0466957341,1732.2693606737241,<statsmodels.tsa.statespace.sarimax.SARIMAXResultsWrapper object at 0x1c2af0bfd0>
97,96424,"(1, 0, 2)",3286954.0594100044,1928.6416162785235,<statsmodels.tsa.statespace.sarimax.SARIMAXResultsWrapper object at 0x1c2c793a90>
98,96447,"(1, 0, 2)",9332300.97233538,1950.1767354733047,<statsmodels.tsa.statespace.sarimax.SARIMAXResultsWrapper object at 0x1c2c499b70>
99,91720,"(4, 0, 0)",102708.96195685664,1499.590434564954,<statsmodels.tsa.statespace.sarimax.SARIMAXResultsWrapper object at 0x1c23582eb8>
